[{"model": "contenttypes.contenttype", "pk": 1, "fields": {"app_label": "admin", "model": "logentry"}}, {"model": "contenttypes.contenttype", "pk": 2, "fields": {"app_label": "auth", "model": "permission"}}, {"model": "contenttypes.contenttype", "pk": 3, "fields": {"app_label": "auth", "model": "group"}}, {"model": "contenttypes.contenttype", "pk": 4, "fields": {"app_label": "auth", "model": "user"}}, {"model": "contenttypes.contenttype", "pk": 5, "fields": {"app_label": "contenttypes", "model": "contenttype"}}, {"model": "contenttypes.contenttype", "pk": 6, "fields": {"app_label": "sessions", "model": "session"}}, {"model": "contenttypes.contenttype", "pk": 7, "fields": {"app_label": "task1", "model": "shop"}}, {"model": "contenttypes.contenttype", "pk": 8, "fields": {"app_label": "task1", "model": "department"}}, {"model": "contenttypes.contenttype", "pk": 9, "fields": {"app_label": "task1", "model": "item"}}, {"model": "contenttypes.contenttype", "pk": 10, "fields": {"app_label": "task1", "model": "statistics"}}, {"model": "contenttypes.contenttype", "pk": 11, "fields": {"app_label": "task2", "model": "authgroup"}}, {"model": "contenttypes.contenttype", "pk": 12, "fields": {"app_label": "task2", "model": "authgrouppermissions"}}, {"model": "contenttypes.contenttype", "pk": 13, "fields": {"app_label": "task2", "model": "authpermission"}}, {"model": "contenttypes.contenttype", "pk": 14, "fields": {"app_label": "task2", "model": "authuser"}}, {"model": "contenttypes.contenttype", "pk": 15, "fields": {"app_label": "task2", "model": "authusergroups"}}, {"model": "contenttypes.contenttype", "pk": 16, "fields": {"app_label": "task2", "model": "authuseruserpermissions"}}, {"model": "contenttypes.contenttype", "pk": 17, "fields": {"app_label": "task2", "model": "department"}}, {"model": "contenttypes.contenttype", "pk": 18, "fields": {"app_label": "task2", "model": "djangoadminlog"}}, {"model": "contenttypes.contenttype", "pk": 19, "fields": {"app_label": "task2", "model": "djangocontenttype"}}, {"model": "contenttypes.contenttype", "pk": 20, "fields": {"app_label": "task2", "model": "djangomigrations"}}, {"model": "contenttypes.contenttype", "pk": 21, "fields": {"app_label": "task2", "model": "djangosession"}}, {"model": "contenttypes.contenttype", "pk": 22, "fields": {"app_label": "task2", "model": "item"}}, {"model": "contenttypes.contenttype", "pk": 23, "fields": {"app_label": "task2", "model": "shop"}}, {"model": "contenttypes.contenttype", "pk": 24, "fields": {"app_label": "task2", "model": "statistics"}}, {"model": "sessions.session", "pk": "c46zuvrbr0dmszp633ueromuttxa7bfb", "fields": {"session_data": "MTU5MDNmZGYyNWRhNDkwMWU2MzA2OGY0NzI0ZGI3MTI2YWIzMDllNjp7Il9hdXRoX3VzZXJfaWQiOiIxIiwiX2F1dGhfdXNlcl9iYWNrZW5kIjoiZGphbmdvLmNvbnRyaWIuYXV0aC5iYWNrZW5kcy5Nb2RlbEJhY2tlbmQiLCJfYXV0aF91c2VyX2hhc2giOiIwMmU0MWFiOTYwM2I1ZjBhNWYxYWI0NzZlOTc3M2UwMGRjOTY2ZGY5In0=", "expire_date": "2019-03-28T15:12:49.395Z"}}, {"model": "sessions.session", "pk": "vow1fqfuzraidxduhm01ojv915wjewb7", "fields": {"session_data": "ZmVmZjA1ZmNjNTViMzdkMzhlYWE4NzM3ZGY4ODA4ZGUwN2Q0MGU3Zjp7Il9hdXRoX3VzZXJfaWQiOiIxIiwiX2F1dGhfdXNlcl9iYWNrZW5kIjoiZGphbmdvLmNvbnRyaWIuYXV0aC5iYWNrZW5kcy5Nb2RlbEJhY2tlbmQiLCJfYXV0aF91c2VyX2hhc2giOiJlMzY4YjFkMjc4NGYwZGFiNGU0NGFmZjFmZWEwODU1YWEyMWI1MGRhIn0=", "expire_date": "2019-04-07T15:30:20.799Z"}}, {"model": "task2.authpermission", "pk": 1, "fields": {"name": "Can add log entry", "content_type": 1, "codename": "add_logentry"}}, {"model": "task2.authpermission", "pk": 2, "fields": {"name": "Can change log entry", "content_type": 1, "codename": "change_logentry"}}, {"model": "task2.authpermission", "pk": 3, "fields": {"name": "Can delete log entry", "content_type": 1, "codename": "delete_logentry"}}, {"model": "task2.authpermission", "pk": 4, "fields": {"name": "Can view log entry", "content_type": 1, "codename": "view_logentry"}}, {"model": "task2.authpermission", "pk": 5, "fields": {"name": "Can add permission", "content_type": 2, "codename": "add_permission"}}, {"model": "task2.authpermission", "pk": 6, "fields": {"name": "Can change permission", "content_type": 2, "codename": "change_permission"}}, {"model": "task2.authpermission", "pk": 7, "fields": {"name": "Can delete permission", "content_type": 2, "codename": "delete_permission"}}, {"model": "task2.authpermission", "pk": 8, "fields": {"name": "Can view permission", "content_type": 2, "codename": "view_permission"}}, {"model": "task2.authpermission", "pk": 9, "fields": {"name": "Can add group", "content_type": 3, "codename": "add_group"}}, {"model": "task2.authpermission", "pk": 10, "fields": {"name": "Can change group", "content_type": 3, "codename": "change_group"}}, {"model": "task2.authpermission", "pk": 11, "fields": {"name": "Can delete group", "content_type": 3, "codename": "delete_group"}}, {"model": "task2.authpermission", "pk": 12, "fields": {"name": "Can view group", "content_type": 3, "codename": "view_group"}}, {"model": "task2.authpermission", "pk": 13, "fields": {"name": "Can add user", "content_type": 4, "codename": "add_user"}}, {"model": "task2.authpermission", "pk": 14, "fields": {"name": "Can change user", "content_type": 4, "codename": "change_user"}}, {"model": "task2.authpermission", "pk": 15, "fields": {"name": "Can delete user", "content_type": 4, "codename": "delete_user"}}, {"model": "task2.authpermission", "pk": 16, "fields": {"name": "Can view user", "content_type": 4, "codename": "view_user"}}, {"model": "task2.authpermission", "pk": 17, "fields": {"name": "Can add content type", "content_type": 5, "codename": "add_contenttype"}}, {"model": "task2.authpermission", "pk": 18, "fields": {"name": "Can change content type", "content_type": 5, "codename": "change_contenttype"}}, {"model": "task2.authpermission", "pk": 19, "fields": {"name": "Can delete content type", "content_type": 5, "codename": "delete_contenttype"}}, {"model": "task2.authpermission", "pk": 20, "fields": {"name": "Can view content type", "content_type": 5, "codename": "view_contenttype"}}, {"model": "task2.authpermission", "pk": 21, "fields": {"name": "Can add session", "content_type": 6, "codename": "add_session"}}, {"model": "task2.authpermission", "pk": 22, "fields": {"name": "Can change session", "content_type": 6, "codename": "change_session"}}, {"model": "task2.authpermission", "pk": 23, "fields": {"name": "Can delete session", "content_type": 6, "codename": "delete_session"}}, {"model": "task2.authpermission", "pk": 24, "fields": {"name": "Can view session", "content_type": 6, "codename": "view_session"}}, {"model": "task2.authpermission", "pk": 25, "fields": {"name": "Can add shop", "content_type": 7, "codename": "add_shop"}}, {"model": "task2.authpermission", "pk": 26, "fields": {"name": "Can change shop", "content_type": 7, "codename": "change_shop"}}, {"model": "task2.authpermission", "pk": 27, "fields": {"name": "Can delete shop", "content_type": 7, "codename": "delete_shop"}}, {"model": "task2.authpermission", "pk": 28, "fields": {"name": "Can view shop", "content_type": 7, "codename": "view_shop"}}, {"model": "task2.authpermission", "pk": 29, "fields": {"name": "Can add department", "content_type": 8, "codename": "add_department"}}, {"model": "task2.authpermission", "pk": 30, "fields": {"name": "Can change department", "content_type": 8, "codename": "change_department"}}, {"model": "task2.authpermission", "pk": 31, "fields": {"name": "Can delete department", "content_type": 8, "codename": "delete_department"}}, {"model": "task2.authpermission", "pk": 32, "fields": {"name": "Can view department", "content_type": 8, "codename": "view_department"}}, {"model": "task2.authpermission", "pk": 33, "fields": {"name": "Can add item", "content_type": 9, "codename": "add_item"}}, {"model": "task2.authpermission", "pk": 34, "fields": {"name": "Can change item", "content_type": 9, "codename": "change_item"}}, {"model": "task2.authpermission", "pk": 35, "fields": {"name": "Can delete item", "content_type": 9, "codename": "delete_item"}}, {"model": "task2.authpermission", "pk": 36, "fields": {"name": "Can view item", "content_type": 9, "codename": "view_item"}}, {"model": "task2.authpermission", "pk": 37, "fields": {"name": "Can add statistics", "content_type": 10, "codename": "add_statistics"}}, {"model": "task2.authpermission", "pk": 38, "fields": {"name": "Can change statistics", "content_type": 10, "codename": "change_statistics"}}, {"model": "task2.authpermission", "pk": 39, "fields": {"name": "Can delete statistics", "content_type": 10, "codename": "delete_statistics"}}, {"model": "task2.authpermission", "pk": 40, "fields": {"name": "Can view statistics", "content_type": 10, "codename": "view_statistics"}}, {"model": "task2.authpermission", "pk": 41, "fields": {"name": "Can add auth group", "content_type": 11, "codename": "add_authgroup"}}, {"model": "task2.authpermission", "pk": 42, "fields": {"name": "Can change auth group", "content_type": 11, "codename": "change_authgroup"}}, {"model": "task2.authpermission", "pk": 43, "fields": {"name": "Can delete auth group", "content_type": 11, "codename": "delete_authgroup"}}, {"model": "task2.authpermission", "pk": 44, "fields": {"name": "Can view auth group", "content_type": 11, "codename": "view_authgroup"}}, {"model": "task2.authpermission", "pk": 45, "fields": {"name": "Can add auth group permissions", "content_type": 12, "codename": "add_authgrouppermissions"}}, {"model": "task2.authpermission", "pk": 46, "fields": {"name": "Can change auth group permissions", "content_type": 12, "codename": "change_authgrouppermissions"}}, {"model": "task2.authpermission", "pk": 47, "fields": {"name": "Can delete auth group permissions", "content_type": 12, "codename": "delete_authgrouppermissions"}}, {"model": "task2.authpermission", "pk": 48, "fields": {"name": "Can view auth group permissions", "content_type": 12, "codename": "view_authgrouppermissions"}}, {"model": "task2.authpermission", "pk": 49, "fields": {"name": "Can add auth permission", "content_type": 13, "codename": "add_authpermission"}}, {"model": "task2.authpermission", "pk": 50, "fields": {"name": "Can change auth permission", "content_type": 13, "codename": "change_authpermission"}}, {"model": "task2.authpermission", "pk": 51, "fields": {"name": "Can delete auth permission", "content_type": 13, "codename": "delete_authpermission"}}, {"model": "task2.authpermission", "pk": 52, "fields": {"name": "Can view auth permission", "content_type": 13, "codename": "view_authpermission"}}, {"model": "task2.authpermission", "pk": 53, "fields": {"name": "Can add auth user", "content_type": 14, "codename": "add_authuser"}}, {"model": "task2.authpermission", "pk": 54, "fields": {"name": "Can change auth user", "content_type": 14, "codename": "change_authuser"}}, {"model": "task2.authpermission", "pk": 55, "fields": {"name": "Can delete auth user", "content_type": 14, "codename": "delete_authuser"}}, {"model": "task2.authpermission", "pk": 56, "fields": {"name": "Can view auth user", "content_type": 14, "codename": "view_authuser"}}, {"model": "task2.authpermission", "pk": 57, "fields": {"name": "Can add auth user groups", "content_type": 15, "codename": "add_authusergroups"}}, {"model": "task2.authpermission", "pk": 58, "fields": {"name": "Can change auth user groups", "content_type": 15, "codename": "change_authusergroups"}}, {"model": "task2.authpermission", "pk": 59, "fields": {"name": "Can delete auth user groups", "content_type": 15, "codename": "delete_authusergroups"}}, {"model": "task2.authpermission", "pk": 60, "fields": {"name": "Can view auth user groups", "content_type": 15, "codename": "view_authusergroups"}}, {"model": "task2.authpermission", "pk": 61, "fields": {"name": "Can add auth user user permissions", "content_type": 16, "codename": "add_authuseruserpermissions"}}, {"model": "task2.authpermission", "pk": 62, "fields": {"name": "Can change auth user user permissions", "content_type": 16, "codename": "change_authuseruserpermissions"}}, {"model": "task2.authpermission", "pk": 63, "fields": {"name": "Can delete auth user user permissions", "content_type": 16, "codename": "delete_authuseruserpermissions"}}, {"model": "task2.authpermission", "pk": 64, "fields": {"name": "Can view auth user user permissions", "content_type": 16, "codename": "view_authuseruserpermissions"}}, {"model": "task2.authpermission", "pk": 65, "fields": {"name": "Can add department", "content_type": 17, "codename": "add_department"}}, {"model": "task2.authpermission", "pk": 66, "fields": {"name": "Can change department", "content_type": 17, "codename": "change_department"}}, {"model": "task2.authpermission", "pk": 67, "fields": {"name": "Can delete department", "content_type": 17, "codename": "delete_department"}}, {"model": "task2.authpermission", "pk": 68, "fields": {"name": "Can view department", "content_type": 17, "codename": "view_department"}}, {"model": "task2.authpermission", "pk": 69, "fields": {"name": "Can add django admin log", "content_type": 18, "codename": "add_djangoadminlog"}}, {"model": "task2.authpermission", "pk": 70, "fields": {"name": "Can change django admin log", "content_type": 18, "codename": "change_djangoadminlog"}}, {"model": "task2.authpermission", "pk": 71, "fields": {"name": "Can delete django admin log", "content_type": 18, "codename": "delete_djangoadminlog"}}, {"model": "task2.authpermission", "pk": 72, "fields": {"name": "Can view django admin log", "content_type": 18, "codename": "view_djangoadminlog"}}, {"model": "task2.authpermission", "pk": 73, "fields": {"name": "Can add django content type", "content_type": 19, "codename": "add_djangocontenttype"}}, {"model": "task2.authpermission", "pk": 74, "fields": {"name": "Can change django content type", "content_type": 19, "codename": "change_djangocontenttype"}}, {"model": "task2.authpermission", "pk": 75, "fields": {"name": "Can delete django content type", "content_type": 19, "codename": "delete_djangocontenttype"}}, {"model": "task2.authpermission", "pk": 76, "fields": {"name": "Can view django content type", "content_type": 19, "codename": "view_djangocontenttype"}}, {"model": "task2.authpermission", "pk": 77, "fields": {"name": "Can add django migrations", "content_type": 20, "codename": "add_djangomigrations"}}, {"model": "task2.authpermission", "pk": 78, "fields": {"name": "Can change django migrations", "content_type": 20, "codename": "change_djangomigrations"}}, {"model": "task2.authpermission", "pk": 79, "fields": {"name": "Can delete django migrations", "content_type": 20, "codename": "delete_djangomigrations"}}, {"model": "task2.authpermission", "pk": 80, "fields": {"name": "Can view django migrations", "content_type": 20, "codename": "view_djangomigrations"}}, {"model": "task2.authpermission", "pk": 81, "fields": {"name": "Can add django session", "content_type": 21, "codename": "add_djangosession"}}, {"model": "task2.authpermission", "pk": 82, "fields": {"name": "Can change django session", "content_type": 21, "codename": "change_djangosession"}}, {"model": "task2.authpermission", "pk": 83, "fields": {"name": "Can delete django session", "content_type": 21, "codename": "delete_djangosession"}}, {"model": "task2.authpermission", "pk": 84, "fields": {"name": "Can view django session", "content_type": 21, "codename": "view_djangosession"}}, {"model": "task2.authpermission", "pk": 85, "fields": {"name": "Can add item", "content_type": 22, "codename": "add_item"}}, {"model": "task2.authpermission", "pk": 86, "fields": {"name": "Can change item", "content_type": 22, "codename": "change_item"}}, {"model": "task2.authpermission", "pk": 87, "fields": {"name": "Can delete item", "content_type": 22, "codename": "delete_item"}}, {"model": "task2.authpermission", "pk": 88, "fields": {"name": "Can view item", "content_type": 22, "codename": "view_item"}}, {"model": "task2.authpermission", "pk": 89, "fields": {"name": "Can add shop", "content_type": 23, "codename": "add_shop"}}, {"model": "task2.authpermission", "pk": 90, "fields": {"name": "Can change shop", "content_type": 23, "codename": "change_shop"}}, {"model": "task2.authpermission", "pk": 91, "fields": {"name": "Can delete shop", "content_type": 23, "codename": "delete_shop"}}, {"model": "task2.authpermission", "pk": 92, "fields": {"name": "Can view shop", "content_type": 23, "codename": "view_shop"}}, {"model": "task2.authpermission", "pk": 93, "fields": {"name": "Can add statistics", "content_type": 24, "codename": "add_statistics"}}, {"model": "task2.authpermission", "pk": 94, "fields": {"name": "Can change statistics", "content_type": 24, "codename": "change_statistics"}}, {"model": "task2.authpermission", "pk": 95, "fields": {"name": "Can delete statistics", "content_type": 24, "codename": "delete_statistics"}}, {"model": "task2.authpermission", "pk": 96, "fields": {"name": "Can view statistics", "content_type": 24, "codename": "view_statistics"}}, {"model": "task2.authuser", "pk": 1, "fields": {"password": "pbkdf2_sha256$120000$YZ7akOtOk7jG$/5EeaottZoKtX06cJpTHPT2SyFhTrNUfQ1yjvBaOB0c=", "last_login": "2019-03-24T15:30:20.795Z", "is_superuser": true, "username": "admin", "first_name": "", "last_name": "", "email": "admin@admin.admin", "is_staff": true, "is_active": true, "date_joined": "2019-03-14T15:12:19.435Z"}}, {"model": "task2.authuser", "pk": 2, "fields": {"password": "pbkdf2_sha256$120000$wmi08Z2wBeYZ$glqtxjcD13FW7MFsBPOptj8giYFyfTY8uYdBFpEYmxk=", "last_login": null, "is_superuser": false, "username": "user1", "first_name": "", "last_name": "", "email": "", "is_staff": true, "is_active": true, "date_joined": "2019-03-24T16:44:47Z"}}, {"model": "task2.authuser", "pk": 3, "fields": {"password": "pbkdf2_sha256$120000$GNI1TNpCVIEQ$Z8+dqRXQ5oXOJC7CXy30VGGU3d5t/SU4PTPIQKDxPaM=", "last_login": null, "is_superuser": false, "username": "user2", "first_name": "User1", "last_name": "User1", "email": "", "is_staff": false, "is_active": true, "date_joined": "2019-03-24T16:45:38Z"}}, {"model": "task2.authuser", "pk": 4, "fields": {"password": "pbkdf2_sha256$120000$Whhj0Kml2DU5$P8o9SosQIW4Z839cdFS00EmfcZkA8/f18Aj9W0ybTWI=", "last_login": null, "is_superuser": false, "username": "user3", "first_name": "", "last_name": "", "email": "", "is_staff": false, "is_active": true, "date_joined": "2019-03-24T16:46:20Z"}}, {"model": "task2.djangoadminlog", "pk": 1, "fields": {"action_time": "2019-03-14T15:26:02.663Z", "object_id": "1", "object_repr": "Shop object (1)", "action_flag": 1, "change_message": "[{\"added\": {}}]", "content_type": 7, "user": 1}}, {"model": "task2.djangoadminlog", "pk": 2, "fields": {"action_time": "2019-03-14T15:30:24.232Z", "object_id": "2", "object_repr": "SKLEP", "action_flag": 1, "change_message": "[{\"added\": {}}]", "content_type": 7, "user": 1}}, {"model": "task2.djangoadminlog", "pk": 3, "fields": {"action_time": "2019-03-14T15:30:51.742Z", "object_id": "3", "object_repr": "python", "action_flag": 1, "change_message": "[{\"added\": {}}]", "content_type": 7, "user": 1}}, {"model": "task2.djangoadminlog", "pk": 4, "fields": {"action_time": "2019-03-14T15:32:46.522Z", "object_id": "1", "object_repr": "IKEA: Cousine", "action_flag": 1, "change_message": "[{\"added\": {}}]", "content_type": 8, "user": 1}}, {"model": "task2.djangoadminlog", "pk": 5, "fields": {"action_time": "2019-03-14T15:33:10.248Z", "object_id": "2", "object_repr": "IKEA: Tables", "action_flag": 1, "change_message": "[{\"added\": {}}]", "content_type": 8, "user": 1}}, {"model": "task2.djangoadminlog", "pk": 6, "fields": {"action_time": "2019-03-14T15:33:35.512Z", "object_id": "3", "object_repr": "SKLEP: BOOKS", "action_flag": 1, "change_message": "[{\"added\": {}}]", "content_type": 8, "user": 1}}, {"model": "task2.djangoadminlog", "pk": 7, "fields": {"action_time": "2019-03-14T15:34:10.233Z", "object_id": "4", "object_repr": "SKLEP: FOOD", "action_flag": 1, "change_message": "[{\"added\": {}}]", "content_type": 8, "user": 1}}, {"model": "task2.djangoadminlog", "pk": 8, "fields": {"action_time": "2019-03-14T15:34:40.160Z", "object_id": "5", "object_repr": "python: syntax", "action_flag": 1, "change_message": "[{\"added\": {}}]", "content_type": 8, "user": 1}}, {"model": "task2.djangoadminlog", "pk": 9, "fields": {"action_time": "2019-03-14T15:35:00.696Z", "object_id": "6", "object_repr": "python: libraries", "action_flag": 1, "change_message": "[{\"added\": {}}]", "content_type": 8, "user": 1}}, {"model": "task2.djangoadminlog", "pk": 10, "fields": {"action_time": "2019-03-14T15:37:08.159Z", "object_id": "1", "object_repr": "IKEA: Cousine: asdf", "action_flag": 1, "change_message": "[{\"added\": {}}]", "content_type": 9, "user": 1}}, {"model": "task2.djangoadminlog", "pk": 11, "fields": {"action_time": "2019-03-14T15:40:57.393Z", "object_id": "1", "object_repr": "IKEA: Cousine: asdf", "action_flag": 2, "change_message": "[]", "content_type": 9, "user": 1}}, {"model": "task2.djangoadminlog", "pk": 12, "fields": {"action_time": "2019-03-14T15:53:32.662Z", "object_id": "2", "object_repr": "IKEA: Cousine: ZXcZXcZ", "action_flag": 1, "change_message": "[{\"added\": {}}]", "content_type": 9, "user": 1}}, {"model": "task2.djangoadminlog", "pk": 13, "fields": {"action_time": "2019-03-17T10:45:30.208Z", "object_id": "1", "object_repr": "IKEA: Cousine: asdf", "action_flag": 2, "change_message": "[]", "content_type": 9, "user": 1}}, {"model": "task2.djangoadminlog", "pk": 14, "fields": {"action_time": "2019-03-17T10:45:42.908Z", "object_id": "2", "object_repr": "IKEA: Cousine: ZXcZXcZ", "action_flag": 2, "change_message": "[{\"changed\": {\"fields\": [\"comments\"]}}]", "content_type": 9, "user": 1}}, {"model": "task2.djangoadminlog", "pk": 15, "fields": {"action_time": "2019-03-17T10:46:17.728Z", "object_id": "3", "object_repr": "IKEA: Cousine: javascript", "action_flag": 1, "change_message": "[{\"added\": {}}]", "content_type": 9, "user": 1}}, {"model": "task2.djangoadminlog", "pk": 16, "fields": {"action_time": "2019-03-17T10:48:46.823Z", "object_id": "3", "object_repr": "IKEA: Cousine: javascript", "action_flag": 2, "change_message": "[]", "content_type": 9, "user": 1}}, {"model": "task2.djangoadminlog", "pk": 17, "fields": {"action_time": "2019-03-17T10:49:19.179Z", "object_id": "4", "object_repr": "SKLEP: BOOKS: 123", "action_flag": 1, "change_message": "[{\"added\": {}}]", "content_type": 9, "user": 1}}, {"model": "task2.djangoadminlog", "pk": 18, "fields": {"action_time": "2019-03-17T10:51:57.094Z", "object_id": "5", "object_repr": "SKLEP: BOOKS: 234", "action_flag": 1, "change_message": "[{\"added\": {}}]", "content_type": 9, "user": 1}}, {"model": "task2.djangoadminlog", "pk": 19, "fields": {"action_time": "2019-03-17T10:53:55.027Z", "object_id": "6", "object_repr": "SKLEP: BOOKS: 345", "action_flag": 1, "change_message": "[{\"added\": {}}]", "content_type": 9, "user": 1}}, {"model": "task2.djangoadminlog", "pk": 20, "fields": {"action_time": "2019-03-17T10:54:44.537Z", "object_id": "7", "object_repr": "SKLEP: FOOD: 111", "action_flag": 1, "change_message": "[{\"added\": {}}]", "content_type": 9, "user": 1}}, {"model": "task2.djangoadminlog", "pk": 21, "fields": {"action_time": "2019-03-17T10:55:07.930Z", "object_id": "8", "object_repr": "python: syntax: aaa", "action_flag": 1, "change_message": "[{\"added\": {}}]", "content_type": 9, "user": 1}}, {"model": "task2.djangoadminlog", "pk": 22, "fields": {"action_time": "2019-03-17T10:55:20.241Z", "object_id": "9", "object_repr": "python: syntax: 123", "action_flag": 1, "change_message": "[{\"added\": {}}]", "content_type": 9, "user": 1}}, {"model": "task2.djangoadminlog", "pk": 23, "fields": {"action_time": "2019-03-17T10:55:40.117Z", "object_id": "10", "object_repr": "python: syntax: ffdsg", "action_flag": 1, "change_message": "[{\"added\": {}}]", "content_type": 9, "user": 1}}, {"model": "task2.djangoadminlog", "pk": 24, "fields": {"action_time": "2019-03-17T10:56:04.469Z", "object_id": "11", "object_repr": "python: libraries: Django", "action_flag": 1, "change_message": "[{\"added\": {}}]", "content_type": 9, "user": 1}}, {"model": "task2.djangoadminlog", "pk": 25, "fields": {"action_time": "2019-03-17T10:56:37.011Z", "object_id": "12", "object_repr": "python: libraries: os", "action_flag": 1, "change_message": "[{\"added\": {}}]", "content_type": 9, "user": 1}}, {"model": "task2.djangoadminlog", "pk": 26, "fields": {"action_time": "2019-03-17T12:00:06.940Z", "object_id": "3", "object_repr": "python", "action_flag": 2, "change_message": "[{\"changed\": {\"fields\": [\"address\"]}}]", "content_type": 7, "user": 1}}, {"model": "task2.djangoadminlog", "pk": 27, "fields": {"action_time": "2019-03-17T12:00:11.806Z", "object_id": "2", "object_repr": "SKLEP", "action_flag": 2, "change_message": "[{\"changed\": {\"fields\": [\"address\"]}}]", "content_type": 7, "user": 1}}, {"model": "task2.djangoadminlog", "pk": 28, "fields": {"action_time": "2019-03-17T13:23:37.147Z", "object_id": "6", "object_repr": "python: libraries", "action_flag": 2, "change_message": "[]", "content_type": 8, "user": 1}}, {"model": "task2.djangoadminlog", "pk": 29, "fields": {"action_time": "2019-03-17T13:23:41.787Z", "object_id": "2", "object_repr": "IKEA: Tables", "action_flag": 2, "change_message": "[]", "content_type": 8, "user": 1}}, {"model": "task2.djangoadminlog", "pk": 30, "fields": {"action_time": "2019-03-17T15:06:50.934Z", "object_id": "13", "object_repr": "\u0421\u043e\u0441\u0435\u0434\u0438: \u043a\u043e\u043d\u0444\u0435\u0442\u044b: \u043a\u0438\u0442\u043a\u0430\u0442", "action_flag": 1, "change_message": "[{\"added\": {}}]", "content_type": 9, "user": 1}}, {"model": "task2.djangoadminlog", "pk": 31, "fields": {"action_time": "2019-03-17T15:22:42.246Z", "object_id": "13", "object_repr": "\u0421\u043e\u0441\u0435\u0434\u0438: \u043a\u043e\u043d\u0444\u0435\u0442\u044b: \u043a\u0438\u0442\u043a\u0430\u0442", "action_flag": 3, "change_message": "", "content_type": 9, "user": 1}}, {"model": "task2.djangoadminlog", "pk": 32, "fields": {"action_time": "2019-03-24T15:09:51.080Z", "object_id": "4", "object_repr": "asdf", "action_flag": 1, "change_message": "[{\"added\": {}}]", "content_type": 7, "user": 1}}, {"model": "task2.djangoadminlog", "pk": 33, "fields": {"action_time": "2019-03-24T15:10:32.420Z", "object_id": "6", "object_repr": "Biedronka: owocy: mandarynka", "action_flag": 3, "change_message": "", "content_type": 9, "user": 1}}, {"model": "task2.djangoadminlog", "pk": 34, "fields": {"action_time": "2019-03-24T15:10:32.423Z", "object_id": "5", "object_repr": "Biedronka: owocy: pomarancz", "action_flag": 3, "change_message": "", "content_type": 9, "user": 1}}, {"model": "task2.djangoadminlog", "pk": 35, "fields": {"action_time": "2019-03-24T15:10:32.425Z", "object_id": "4", "object_repr": "Biedronka: owocy: jablko", "action_flag": 3, "change_message": "", "content_type": 9, "user": 1}}, {"model": "task2.djangoadminlog", "pk": 36, "fields": {"action_time": "2019-03-24T16:44:47.401Z", "object_id": "2", "object_repr": "user1", "action_flag": 1, "change_message": "[{\"added\": {}}]", "content_type": 4, "user": 1}}, {"model": "task2.djangoadminlog", "pk": 37, "fields": {"action_time": "2019-03-24T16:45:18.094Z", "object_id": "2", "object_repr": "user1", "action_flag": 2, "change_message": "[{\"changed\": {\"fields\": [\"is_staff\"]}}]", "content_type": 4, "user": 1}}, {"model": "task2.djangoadminlog", "pk": 38, "fields": {"action_time": "2019-03-24T16:45:38.138Z", "object_id": "3", "object_repr": "user2", "action_flag": 1, "change_message": "[{\"added\": {}}]", "content_type": 4, "user": 1}}, {"model": "task2.djangoadminlog", "pk": 39, "fields": {"action_time": "2019-03-24T16:46:02.634Z", "object_id": "3", "object_repr": "user2", "action_flag": 2, "change_message": "[{\"changed\": {\"fields\": [\"first_name\", \"last_name\"]}}]", "content_type": 4, "user": 1}}, {"model": "task2.djangoadminlog", "pk": 40, "fields": {"action_time": "2019-03-24T16:46:20.620Z", "object_id": "4", "object_repr": "user3", "action_flag": 1, "change_message": "[{\"added\": {}}]", "content_type": 4, "user": 1}}, {"model": "task2.djangoadminlog", "pk": 41, "fields": {"action_time": "2019-03-24T16:46:43.957Z", "object_id": "4", "object_repr": "user3", "action_flag": 2, "change_message": "[]", "content_type": 4, "user": 1}}, {"model": "task2.djangocontenttype", "pk": 1, "fields": {"app_label": "admin", "model": "logentry"}}, {"model": "task2.djangocontenttype", "pk": 2, "fields": {"app_label": "auth", "model": "permission"}}, {"model": "task2.djangocontenttype", "pk": 3, "fields": {"app_label": "auth", "model": "group"}}, {"model": "task2.djangocontenttype", "pk": 4, "fields": {"app_label": "auth", "model": "user"}}, {"model": "task2.djangocontenttype", "pk": 5, "fields": {"app_label": "contenttypes", "model": "contenttype"}}, {"model": "task2.djangocontenttype", "pk": 6, "fields": {"app_label": "sessions", "model": "session"}}, {"model": "task2.djangocontenttype", "pk": 7, "fields": {"app_label": "task1", "model": "shop"}}, {"model": "task2.djangocontenttype", "pk": 8, "fields": {"app_label": "task1", "model": "department"}}, {"model": "task2.djangocontenttype", "pk": 9, "fields": {"app_label": "task1", "model": "item"}}, {"model": "task2.djangocontenttype", "pk": 10, "fields": {"app_label": "task1", "model": "statistics"}}, {"model": "task2.djangocontenttype", "pk": 11, "fields": {"app_label": "task2", "model": "authgroup"}}, {"model": "task2.djangocontenttype", "pk": 12, "fields": {"app_label": "task2", "model": "authgrouppermissions"}}, {"model": "task2.djangocontenttype", "pk": 13, "fields": {"app_label": "task2", "model": "authpermission"}}, {"model": "task2.djangocontenttype", "pk": 14, "fields": {"app_label": "task2", "model": "authuser"}}, {"model": "task2.djangocontenttype", "pk": 15, "fields": {"app_label": "task2", "model": "authusergroups"}}, {"model": "task2.djangocontenttype", "pk": 16, "fields": {"app_label": "task2", "model": "authuseruserpermissions"}}, {"model": "task2.djangocontenttype", "pk": 17, "fields": {"app_label": "task2", "model": "department"}}, {"model": "task2.djangocontenttype", "pk": 18, "fields": {"app_label": "task2", "model": "djangoadminlog"}}, {"model": "task2.djangocontenttype", "pk": 19, "fields": {"app_label": "task2", "model": "djangocontenttype"}}, {"model": "task2.djangocontenttype", "pk": 20, "fields": {"app_label": "task2", "model": "djangomigrations"}}, {"model": "task2.djangocontenttype", "pk": 21, "fields": {"app_label": "task2", "model": "djangosession"}}, {"model": "task2.djangocontenttype", "pk": 22, "fields": {"app_label": "task2", "model": "item"}}, {"model": "task2.djangocontenttype", "pk": 23, "fields": {"app_label": "task2", "model": "shop"}}, {"model": "task2.djangocontenttype", "pk": 24, "fields": {"app_label": "task2", "model": "statistics"}}, {"model": "task2.djangomigrations", "pk": 1, "fields": {"app": "contenttypes", "name": "0001_initial", "applied": "2019-03-14T14:01:03.333Z"}}, {"model": "task2.djangomigrations", "pk": 2, "fields": {"app": "auth", "name": "0001_initial", "applied": "2019-03-14T14:01:03.462Z"}}, {"model": "task2.djangomigrations", "pk": 3, "fields": {"app": "admin", "name": "0001_initial", "applied": "2019-03-14T14:01:03.510Z"}}, {"model": "task2.djangomigrations", "pk": 4, "fields": {"app": "admin", "name": "0002_logentry_remove_auto_add", "applied": "2019-03-14T14:01:03.522Z"}}, {"model": "task2.djangomigrations", "pk": 5, "fields": {"app": "admin", "name": "0003_logentry_add_action_flag_choices", "applied": "2019-03-14T14:01:03.535Z"}}, {"model": "task2.djangomigrations", "pk": 6, "fields": {"app": "contenttypes", "name": "0002_remove_content_type_name", "applied": "2019-03-14T14:01:03.566Z"}}, {"model": "task2.djangomigrations", "pk": 7, "fields": {"app": "auth", "name": "0002_alter_permission_name_max_length", "applied": "2019-03-14T14:01:03.575Z"}}, {"model": "task2.djangomigrations", "pk": 8, "fields": {"app": "auth", "name": "0003_alter_user_email_max_length", "applied": "2019-03-14T14:01:03.591Z"}}, {"model": "task2.djangomigrations", "pk": 9, "fields": {"app": "auth", "name": "0004_alter_user_username_opts", "applied": "2019-03-14T14:01:03.608Z"}}, {"model": "task2.djangomigrations", "pk": 10, "fields": {"app": "auth", "name": "0005_alter_user_last_login_null", "applied": "2019-03-14T14:01:03.624Z"}}, {"model": "task2.djangomigrations", "pk": 11, "fields": {"app": "auth", "name": "0006_require_contenttypes_0002", "applied": "2019-03-14T14:01:03.627Z"}}, {"model": "task2.djangomigrations", "pk": 12, "fields": {"app": "auth", "name": "0007_alter_validators_add_error_messages", "applied": "2019-03-14T14:01:03.642Z"}}, {"model": "task2.djangomigrations", "pk": 13, "fields": {"app": "auth", "name": "0008_alter_user_username_max_length", "applied": "2019-03-14T14:01:03.664Z"}}, {"model": "task2.djangomigrations", "pk": 14, "fields": {"app": "auth", "name": "0009_alter_user_last_name_max_length", "applied": "2019-03-14T14:01:03.679Z"}}, {"model": "task2.djangomigrations", "pk": 15, "fields": {"app": "sessions", "name": "0001_initial", "applied": "2019-03-14T14:01:03.704Z"}}, {"model": "task2.djangomigrations", "pk": 16, "fields": {"app": "task1", "name": "0001_initial", "applied": "2019-03-14T15:09:56.163Z"}}, {"model": "task2.djangomigrations", "pk": 17, "fields": {"app": "task1", "name": "0002_item", "applied": "2019-03-14T15:10:47.728Z"}}, {"model": "task2.djangomigrations", "pk": 18, "fields": {"app": "task1", "name": "0003_auto_20190314_1518", "applied": "2019-03-14T15:18:12.339Z"}}, {"model": "task2.djangomigrations", "pk": 19, "fields": {"app": "task1", "name": "0004_auto_20190314_1522", "applied": "2019-03-14T15:22:43.299Z"}}, {"model": "task2.djangomigrations", "pk": 20, "fields": {"app": "task1", "name": "0005_auto_20190314_1525", "applied": "2019-03-14T15:25:28.246Z"}}, {"model": "task2.djangomigrations", "pk": 21, "fields": {"app": "task1", "name": "0006_auto_20190314_1538", "applied": "2019-03-14T15:39:00.076Z"}}, {"model": "task2.djangomigrations", "pk": 22, "fields": {"app": "task1", "name": "0007_auto_20190314_1539", "applied": "2019-03-14T15:39:54.399Z"}}, {"model": "task2.djangomigrations", "pk": 23, "fields": {"app": "task1", "name": "0008_auto_20190317_1051", "applied": "2019-03-17T10:51:18.348Z"}}, {"model": "task2.djangomigrations", "pk": 24, "fields": {"app": "task1", "name": "0009_auto_20190317_1053", "applied": "2019-03-17T10:53:29.407Z"}}, {"model": "task2.djangomigrations", "pk": 25, "fields": {"app": "task1", "name": "0010_auto_20190317_1206", "applied": "2019-03-17T12:06:04.468Z"}}, {"model": "task2.djangomigrations", "pk": 26, "fields": {"app": "task1", "name": "0011_auto_20190317_1325", "applied": "2019-03-17T13:25:43.848Z"}}, {"model": "task2.djangomigrations", "pk": 27, "fields": {"app": "task1", "name": "0012_auto_20190321_1708", "applied": "2019-03-21T17:09:01.566Z"}}, {"model": "task2.djangomigrations", "pk": 28, "fields": {"app": "task1", "name": "0013_statistics", "applied": "2019-03-21T21:40:55.319Z"}}, {"model": "task2.djangomigrations", "pk": 29, "fields": {"app": "task2", "name": "0001_initial", "applied": "2019-03-24T16:00:01.423Z"}}, {"model": "task2.djangosession", "pk": "c46zuvrbr0dmszp633ueromuttxa7bfb", "fields": {"session_data": "MTU5MDNmZGYyNWRhNDkwMWU2MzA2OGY0NzI0ZGI3MTI2YWIzMDllNjp7Il9hdXRoX3VzZXJfaWQiOiIxIiwiX2F1dGhfdXNlcl9iYWNrZW5kIjoiZGphbmdvLmNvbnRyaWIuYXV0aC5iYWNrZW5kcy5Nb2RlbEJhY2tlbmQiLCJfYXV0aF91c2VyX2hhc2giOiIwMmU0MWFiOTYwM2I1ZjBhNWYxYWI0NzZlOTc3M2UwMGRjOTY2ZGY5In0=", "expire_date": "2019-03-28T15:12:49.395Z"}}, {"model": "task2.djangosession", "pk": "vow1fqfuzraidxduhm01ojv915wjewb7", "fields": {"session_data": "ZmVmZjA1ZmNjNTViMzdkMzhlYWE4NzM3ZGY4ODA4ZGUwN2Q0MGU3Zjp7Il9hdXRoX3VzZXJfaWQiOiIxIiwiX2F1dGhfdXNlcl9iYWNrZW5kIjoiZGphbmdvLmNvbnRyaWIuYXV0aC5iYWNrZW5kcy5Nb2RlbEJhY2tlbmQiLCJfYXV0aF91c2VyX2hhc2giOiJlMzY4YjFkMjc4NGYwZGFiNGU0NGFmZjFmZWEwODU1YWEyMWI1MGRhIn0=", "expire_date": "2019-04-07T15:30:20.799Z"}}, {"model": "task2.shop", "pk": 1, "fields": {"name": "IKEA", "address": null, "staff_amount": 200}}, {"model": "task2.shop", "pk": 2, "fields": {"name": "Biedronka", "address": "m. Przemysl ul. warszawska, d. 43", "staff_amount": 300}}, {"model": "task2.shop", "pk": 3, "fields": {"name": "\u0421\u043e\u0441\u0435\u0434\u0438", "address": null, "staff_amount": 30}}, {"model": "task2.department", "pk": 1, "fields": {"sphere": "tables", "staff_amount": 100, "shop": 1}}, {"model": "task2.department", "pk": 2, "fields": {"sphere": "beds", "staff_amount": 100, "shop": 1}}, {"model": "task2.department", "pk": 3, "fields": {"sphere": "owocy", "staff_amount": 12, "shop": 2}}, {"model": "task2.department", "pk": 4, "fields": {"sphere": "warzywa", "staff_amount": 15, "shop": 2}}, {"model": "task2.department", "pk": 5, "fields": {"sphere": "\u043a\u043e\u043d\u0444\u0435\u0442\u044b", "staff_amount": 4, "shop": 3}}, {"model": "task2.department", "pk": 6, "fields": {"sphere": "\u0445\u043b\u0435\u0431\u043e\u0431\u0443\u043b\u043e\u0447\u043d\u044b\u0435 \u0432\u044b\u0440\u043e\u0431\u044b", "staff_amount": 10, "shop": 3}}, {"model": "task2.item", "pk": 1, "fields": {"name": "plastic table", "description": "amazing plastic table", "price": 20.0, "is_sold": false, "comments": "[\"amazing\", \"wow cool\", \"how to close this site?\"]", "department": 1}}, {"model": "task2.item", "pk": 2, "fields": {"name": "wood table", "description": null, "price": 100.0, "is_sold": true, "comments": "[]", "department": 1}}, {"model": "task2.item", "pk": 3, "fields": {"name": "paper table", "description": "You will like it! This table is recycling friendly!!!!", "price": 6.0, "is_sold": false, "comments": "[\"HORRIBLE TABLE\", \"just return me my money!!!\"]", "department": 1}}, {"model": "task2.item", "pk": 4, "fields": {"name": "jablko", "description": "piekne polskie jablki", "price": 1.122, "is_sold": false, "comments": "[\"ono jest bardzo smaczne!=)\", \"szarlotka z tych jablk jest pardzo ladnie\"]", "department": 3}}, {"model": "task2.item", "pk": 5, "fields": {"name": "pomarancz", "description": null, "price": 2.3, "is_sold": true, "comments": "[\"dobrze!\"]", "department": 3}}, {"model": "task2.item", "pk": 6, "fields": {"name": "mandarynka", "description": "dradycyjny koladny owoc", "price": 3.0, "is_sold": true, "comments": "[\"dobrze!\", \"ladnie!\", \"eksponujace!\"]", "department": 3}}, {"model": "task2.item", "pk": 7, "fields": {"name": "\u041a\u0438\u0442 \u043a\u0430\u0442", "description": null, "price": 2.333, "is_sold": false, "comments": "[\"kitkat\", \"\\u044f \\u0434\\u0443\\u043c\\u0430\\u043b \\u044d\\u0442\\u043e \\u043c\\u0430\\u0440\\u0441((((\", \"\\u043b\\u043e\\u043b \\u0442\\u0443\\u0442 \\u0435\\u0441\\u0442\\u044c \\u043a\\u043e\\u043c\\u043c\\u0435\\u043d\\u0442\\u044b?)))\"]", "department": 5}}, {"model": "task2.item", "pk": 8, "fields": {"name": "\u0430\u043b\u0435\u043d\u043a\u0430", "description": null, "price": 2.431, "is_sold": true, "comments": "[]", "department": 5}}, {"model": "task2.item", "pk": 9, "fields": {"name": "\u043f\u0435\u0447\u0435\u043d\u044c\u0435 \u0441\u043b\u043e\u0434\u044b\u0447", "description": null, "price": 1.123, "is_sold": false, "comments": "[]", "department": 5}}, {"model": "task2.item", "pk": 10, "fields": {"name": "ziemniaki", "description": null, "price": 0.99, "is_sold": false, "comments": "[]", "department": 4}}, {"model": "task2.item", "pk": 11, "fields": {"name": "\u0445\u043b\u0435\u0431", "description": null, "price": 2.0, "is_sold": false, "comments": "[\"\\u0425\\u041b\\u0415\\u0411 \\u0418 \\u0412\\u0421\\u0415\"]", "department": 6}}, {"model": "task2.item", "pk": 12, "fields": {"name": "\u0411\u0443\u041b\u043e\u0427\u043a\u0410 \u0421\u043b\u0410\u0434\u041a\u0430\u042f", "description": null, "price": 21.1, "is_sold": false, "comments": "[\"\\u0441\\u043b\\u0430\\u0434\\u043a\\u0430\\u044f \\u043a\\u0430\\u043a \\u043b\\u0430\\u0431\\u044b \\u043d\\u0430 \\u043a\\u0441\\u0438\\u0441\\u0435\", \"10/10\"]", "department": 6}}, {"model": "task2.statistics", "pk": 1, "fields": {"url": "/shops/2/", "amount": 1}}, {"model": "task2.statistics", "pk": 2, "fields": {"url": "/shops/2/edit", "amount": 3}}, {"model": "task2.statistics", "pk": 3, "fields": {"url": "/admin/", "amount": 12}}, {"model": "task2.statistics", "pk": 4, "fields": {"url": "/admin/task1/statistics/", "amount": 11}}, {"model": "task2.statistics", "pk": 5, "fields": {"url": "/admin/task1/statistics/1/change/", "amount": 1}}, {"model": "task2.statistics", "pk": 6, "fields": {"url": "/", "amount": 59}}, {"model": "task2.statistics", "pk": 7, "fields": {"url": "/admin/jsi18n/", "amount": 17}}, {"model": "task2.statistics", "pk": 8, "fields": {"url": "/message", "amount": 3}}, {"model": "task2.statistics", "pk": 9, "fields": {"url": "/favicon.ico", "amount": 1}}, {"model": "task2.statistics", "pk": 10, "fields": {"url": "/compare", "amount": 50}}, {"model": "task2.statistics", "pk": 11, "fields": {"url": "/shops/None/", "amount": 2}}, {"model": "task2.statistics", "pk": 12, "fields": {"url": "/shops/1/", "amount": 1}}, {"model": "task2.statistics", "pk": 13, "fields": {"url": "/filter/item/1", "amount": 3}}, {"model": "task2.statistics", "pk": 14, "fields": {"url": "/filter/item/2", "amount": 1}}, {"model": "task2.statistics", "pk": 15, "fields": {"url": "/filter/shop/1", "amount": 1}}, {"model": "task2.statistics", "pk": 16, "fields": {"url": "/filter/item/4", "amount": 1}}, {"model": "task2.statistics", "pk": 17, "fields": {"url": "/filter/item/6", "amount": 1}}, {"model": "task2.statistics", "pk": 18, "fields": {"url": "/admin/login/", "amount": 3}}, {"model": "task2.statistics", "pk": 19, "fields": {"url": "/admin/task1/item/", "amount": 6}}, {"model": "task2.statistics", "pk": 20, "fields": {"url": "/admin/task1/item/add/", "amount": 3}}, {"model": "task2.statistics", "pk": 21, "fields": {"url": "/admin/task1/shop/", "amount": 3}}, {"model": "task2.statistics", "pk": 22, "fields": {"url": "/admin/task1/shop/add/", "amount": 2}}, {"model": "task2.statistics", "pk": 23, "fields": {"url": "/admin/task1/", "amount": 1}}, {"model": "auth.permission", "pk": 1, "fields": {"name": "Can add log entry", "content_type": 1, "codename": "add_logentry"}}, {"model": "auth.permission", "pk": 2, "fields": {"name": "Can change log entry", "content_type": 1, "codename": "change_logentry"}}, {"model": "auth.permission", "pk": 3, "fields": {"name": "Can delete log entry", "content_type": 1, "codename": "delete_logentry"}}, {"model": "auth.permission", "pk": 4, "fields": {"name": "Can view log entry", "content_type": 1, "codename": "view_logentry"}}, {"model": "auth.permission", "pk": 5, "fields": {"name": "Can add permission", "content_type": 2, "codename": "add_permission"}}, {"model": "auth.permission", "pk": 6, "fields": {"name": "Can change permission", "content_type": 2, "codename": "change_permission"}}, {"model": "auth.permission", "pk": 7, "fields": {"name": "Can delete permission", "content_type": 2, "codename": "delete_permission"}}, {"model": "auth.permission", "pk": 8, "fields": {"name": "Can view permission", "content_type": 2, "codename": "view_permission"}}, {"model": "auth.permission", "pk": 9, "fields": {"name": "Can add group", "content_type": 3, "codename": "add_group"}}, {"model": "auth.permission", "pk": 10, "fields": {"name": "Can change group", "content_type": 3, "codename": "change_group"}}, {"model": "auth.permission", "pk": 11, "fields": {"name": "Can delete group", "content_type": 3, "codename": "delete_group"}}, {"model": "auth.permission", "pk": 12, "fields": {"name": "Can view group", "content_type": 3, "codename": "view_group"}}, {"model": "auth.permission", "pk": 13, "fields": {"name": "Can add user", "content_type": 4, "codename": "add_user"}}, {"model": "auth.permission", "pk": 14, "fields": {"name": "Can change user", "content_type": 4, "codename": "change_user"}}, {"model": "auth.permission", "pk": 15, "fields": {"name": "Can delete user", "content_type": 4, "codename": "delete_user"}}, {"model": "auth.permission", "pk": 16, "fields": {"name": "Can view user", "content_type": 4, "codename": "view_user"}}, {"model": "auth.permission", "pk": 17, "fields": {"name": "Can add content type", "content_type": 5, "codename": "add_contenttype"}}, {"model": "auth.permission", "pk": 18, "fields": {"name": "Can change content type", "content_type": 5, "codename": "change_contenttype"}}, {"model": "auth.permission", "pk": 19, "fields": {"name": "Can delete content type", "content_type": 5, "codename": "delete_contenttype"}}, {"model": "auth.permission", "pk": 20, "fields": {"name": "Can view content type", "content_type": 5, "codename": "view_contenttype"}}, {"model": "auth.permission", "pk": 21, "fields": {"name": "Can add session", "content_type": 6, "codename": "add_session"}}, {"model": "auth.permission", "pk": 22, "fields": {"name": "Can change session", "content_type": 6, "codename": "change_session"}}, {"model": "auth.permission", "pk": 23, "fields": {"name": "Can delete session", "content_type": 6, "codename": "delete_session"}}, {"model": "auth.permission", "pk": 24, "fields": {"name": "Can view session", "content_type": 6, "codename": "view_session"}}, {"model": "auth.permission", "pk": 25, "fields": {"name": "Can add shop", "content_type": 7, "codename": "add_shop"}}, {"model": "auth.permission", "pk": 26, "fields": {"name": "Can change shop", "content_type": 7, "codename": "change_shop"}}, {"model": "auth.permission", "pk": 27, "fields": {"name": "Can delete shop", "content_type": 7, "codename": "delete_shop"}}, {"model": "auth.permission", "pk": 28, "fields": {"name": "Can view shop", "content_type": 7, "codename": "view_shop"}}, {"model": "auth.permission", "pk": 29, "fields": {"name": "Can add department", "content_type": 8, "codename": "add_department"}}, {"model": "auth.permission", "pk": 30, "fields": {"name": "Can change department", "content_type": 8, "codename": "change_department"}}, {"model": "auth.permission", "pk": 31, "fields": {"name": "Can delete department", "content_type": 8, "codename": "delete_department"}}, {"model": "auth.permission", "pk": 32, "fields": {"name": "Can view department", "content_type": 8, "codename": "view_department"}}, {"model": "auth.permission", "pk": 33, "fields": {"name": "Can add item", "content_type": 9, "codename": "add_item"}}, {"model": "auth.permission", "pk": 34, "fields": {"name": "Can change item", "content_type": 9, "codename": "change_item"}}, {"model": "auth.permission", "pk": 35, "fields": {"name": "Can delete item", "content_type": 9, "codename": "delete_item"}}, {"model": "auth.permission", "pk": 36, "fields": {"name": "Can view item", "content_type": 9, "codename": "view_item"}}, {"model": "auth.permission", "pk": 37, "fields": {"name": "Can add statistics", "content_type": 10, "codename": "add_statistics"}}, {"model": "auth.permission", "pk": 38, "fields": {"name": "Can change statistics", "content_type": 10, "codename": "change_statistics"}}, {"model": "auth.permission", "pk": 39, "fields": {"name": "Can delete statistics", "content_type": 10, "codename": "delete_statistics"}}, {"model": "auth.permission", "pk": 40, "fields": {"name": "Can view statistics", "content_type": 10, "codename": "view_statistics"}}, {"model": "auth.permission", "pk": 41, "fields": {"name": "Can add auth group", "content_type": 11, "codename": "add_authgroup"}}, {"model": "auth.permission", "pk": 42, "fields": {"name": "Can change auth group", "content_type": 11, "codename": "change_authgroup"}}, {"model": "auth.permission", "pk": 43, "fields": {"name": "Can delete auth group", "content_type": 11, "codename": "delete_authgroup"}}, {"model": "auth.permission", "pk": 44, "fields": {"name": "Can view auth group", "content_type": 11, "codename": "view_authgroup"}}, {"model": "auth.permission", "pk": 45, "fields": {"name": "Can add auth group permissions", "content_type": 12, "codename": "add_authgrouppermissions"}}, {"model": "auth.permission", "pk": 46, "fields": {"name": "Can change auth group permissions", "content_type": 12, "codename": "change_authgrouppermissions"}}, {"model": "auth.permission", "pk": 47, "fields": {"name": "Can delete auth group permissions", "content_type": 12, "codename": "delete_authgrouppermissions"}}, {"model": "auth.permission", "pk": 48, "fields": {"name": "Can view auth group permissions", "content_type": 12, "codename": "view_authgrouppermissions"}}, {"model": "auth.permission", "pk": 49, "fields": {"name": "Can add auth permission", "content_type": 13, "codename": "add_authpermission"}}, {"model": "auth.permission", "pk": 50, "fields": {"name": "Can change auth permission", "content_type": 13, "codename": "change_authpermission"}}, {"model": "auth.permission", "pk": 51, "fields": {"name": "Can delete auth permission", "content_type": 13, "codename": "delete_authpermission"}}, {"model": "auth.permission", "pk": 52, "fields": {"name": "Can view auth permission", "content_type": 13, "codename": "view_authpermission"}}, {"model": "auth.permission", "pk": 53, "fields": {"name": "Can add auth user", "content_type": 14, "codename": "add_authuser"}}, {"model": "auth.permission", "pk": 54, "fields": {"name": "Can change auth user", "content_type": 14, "codename": "change_authuser"}}, {"model": "auth.permission", "pk": 55, "fields": {"name": "Can delete auth user", "content_type": 14, "codename": "delete_authuser"}}, {"model": "auth.permission", "pk": 56, "fields": {"name": "Can view auth user", "content_type": 14, "codename": "view_authuser"}}, {"model": "auth.permission", "pk": 57, "fields": {"name": "Can add auth user groups", "content_type": 15, "codename": "add_authusergroups"}}, {"model": "auth.permission", "pk": 58, "fields": {"name": "Can change auth user groups", "content_type": 15, "codename": "change_authusergroups"}}, {"model": "auth.permission", "pk": 59, "fields": {"name": "Can delete auth user groups", "content_type": 15, "codename": "delete_authusergroups"}}, {"model": "auth.permission", "pk": 60, "fields": {"name": "Can view auth user groups", "content_type": 15, "codename": "view_authusergroups"}}, {"model": "auth.permission", "pk": 61, "fields": {"name": "Can add auth user user permissions", "content_type": 16, "codename": "add_authuseruserpermissions"}}, {"model": "auth.permission", "pk": 62, "fields": {"name": "Can change auth user user permissions", "content_type": 16, "codename": "change_authuseruserpermissions"}}, {"model": "auth.permission", "pk": 63, "fields": {"name": "Can delete auth user user permissions", "content_type": 16, "codename": "delete_authuseruserpermissions"}}, {"model": "auth.permission", "pk": 64, "fields": {"name": "Can view auth user user permissions", "content_type": 16, "codename": "view_authuseruserpermissions"}}, {"model": "auth.permission", "pk": 65, "fields": {"name": "Can add department", "content_type": 17, "codename": "add_department"}}, {"model": "auth.permission", "pk": 66, "fields": {"name": "Can change department", "content_type": 17, "codename": "change_department"}}, {"model": "auth.permission", "pk": 67, "fields": {"name": "Can delete department", "content_type": 17, "codename": "delete_department"}}, {"model": "auth.permission", "pk": 68, "fields": {"name": "Can view department", "content_type": 17, "codename": "view_department"}}, {"model": "auth.permission", "pk": 69, "fields": {"name": "Can add django admin log", "content_type": 18, "codename": "add_djangoadminlog"}}, {"model": "auth.permission", "pk": 70, "fields": {"name": "Can change django admin log", "content_type": 18, "codename": "change_djangoadminlog"}}, {"model": "auth.permission", "pk": 71, "fields": {"name": "Can delete django admin log", "content_type": 18, "codename": "delete_djangoadminlog"}}, {"model": "auth.permission", "pk": 72, "fields": {"name": "Can view django admin log", "content_type": 18, "codename": "view_djangoadminlog"}}, {"model": "auth.permission", "pk": 73, "fields": {"name": "Can add django content type", "content_type": 19, "codename": "add_djangocontenttype"}}, {"model": "auth.permission", "pk": 74, "fields": {"name": "Can change django content type", "content_type": 19, "codename": "change_djangocontenttype"}}, {"model": "auth.permission", "pk": 75, "fields": {"name": "Can delete django content type", "content_type": 19, "codename": "delete_djangocontenttype"}}, {"model": "auth.permission", "pk": 76, "fields": {"name": "Can view django content type", "content_type": 19, "codename": "view_djangocontenttype"}}, {"model": "auth.permission", "pk": 77, "fields": {"name": "Can add django migrations", "content_type": 20, "codename": "add_djangomigrations"}}, {"model": "auth.permission", "pk": 78, "fields": {"name": "Can change django migrations", "content_type": 20, "codename": "change_djangomigrations"}}, {"model": "auth.permission", "pk": 79, "fields": {"name": "Can delete django migrations", "content_type": 20, "codename": "delete_djangomigrations"}}, {"model": "auth.permission", "pk": 80, "fields": {"name": "Can view django migrations", "content_type": 20, "codename": "view_djangomigrations"}}, {"model": "auth.permission", "pk": 81, "fields": {"name": "Can add django session", "content_type": 21, "codename": "add_djangosession"}}, {"model": "auth.permission", "pk": 82, "fields": {"name": "Can change django session", "content_type": 21, "codename": "change_djangosession"}}, {"model": "auth.permission", "pk": 83, "fields": {"name": "Can delete django session", "content_type": 21, "codename": "delete_djangosession"}}, {"model": "auth.permission", "pk": 84, "fields": {"name": "Can view django session", "content_type": 21, "codename": "view_djangosession"}}, {"model": "auth.permission", "pk": 85, "fields": {"name": "Can add item", "content_type": 22, "codename": "add_item"}}, {"model": "auth.permission", "pk": 86, "fields": {"name": "Can change item", "content_type": 22, "codename": "change_item"}}, {"model": "auth.permission", "pk": 87, "fields": {"name": "Can delete item", "content_type": 22, "codename": "delete_item"}}, {"model": "auth.permission", "pk": 88, "fields": {"name": "Can view item", "content_type": 22, "codename": "view_item"}}, {"model": "auth.permission", "pk": 89, "fields": {"name": "Can add shop", "content_type": 23, "codename": "add_shop"}}, {"model": "auth.permission", "pk": 90, "fields": {"name": "Can change shop", "content_type": 23, "codename": "change_shop"}}, {"model": "auth.permission", "pk": 91, "fields": {"name": "Can delete shop", "content_type": 23, "codename": "delete_shop"}}, {"model": "auth.permission", "pk": 92, "fields": {"name": "Can view shop", "content_type": 23, "codename": "view_shop"}}, {"model": "auth.permission", "pk": 93, "fields": {"name": "Can add statistics", "content_type": 24, "codename": "add_statistics"}}, {"model": "auth.permission", "pk": 94, "fields": {"name": "Can change statistics", "content_type": 24, "codename": "change_statistics"}}, {"model": "auth.permission", "pk": 95, "fields": {"name": "Can delete statistics", "content_type": 24, "codename": "delete_statistics"}}, {"model": "auth.permission", "pk": 96, "fields": {"name": "Can view statistics", "content_type": 24, "codename": "view_statistics"}}, {"model": "auth.user", "pk": 1, "fields": {"password": "pbkdf2_sha256$120000$YZ7akOtOk7jG$/5EeaottZoKtX06cJpTHPT2SyFhTrNUfQ1yjvBaOB0c=", "last_login": "2019-03-24T15:30:20.795Z", "is_superuser": true, "username": "admin", "first_name": "", "last_name": "", "email": "admin@admin.admin", "is_staff": true, "is_active": true, "date_joined": "2019-03-14T15:12:19.435Z", "groups": [], "user_permissions": []}}, {"model": "auth.user", "pk": 2, "fields": {"password": "pbkdf2_sha256$120000$wmi08Z2wBeYZ$glqtxjcD13FW7MFsBPOptj8giYFyfTY8uYdBFpEYmxk=", "last_login": null, "is_superuser": false, "username": "user1", "first_name": "", "last_name": "", "email": "", "is_staff": true, "is_active": true, "date_joined": "2019-03-24T16:44:47Z", "groups": [], "user_permissions": []}}, {"model": "auth.user", "pk": 3, "fields": {"password": "pbkdf2_sha256$120000$GNI1TNpCVIEQ$Z8+dqRXQ5oXOJC7CXy30VGGU3d5t/SU4PTPIQKDxPaM=", "last_login": null, "is_superuser": false, "username": "user2", "first_name": "User1", "last_name": "User1", "email": "", "is_staff": false, "is_active": true, "date_joined": "2019-03-24T16:45:38Z", "groups": [], "user_permissions": []}}, {"model": "auth.user", "pk": 4, "fields": {"password": "pbkdf2_sha256$120000$Whhj0Kml2DU5$P8o9SosQIW4Z839cdFS00EmfcZkA8/f18Aj9W0ybTWI=", "last_login": null, "is_superuser": false, "username": "user3", "first_name": "", "last_name": "", "email": "", "is_staff": false, "is_active": true, "date_joined": "2019-03-24T16:46:20Z", "groups": [], "user_permissions": []}}, {"model": "admin.logentry", "pk": 1, "fields": {"action_time": "2019-03-14T15:26:02.663Z", "user": 1, "content_type": 7, "object_id": "1", "object_repr": "Shop object (1)", "action_flag": 1, "change_message": "[{\"added\": {}}]"}}, {"model": "admin.logentry", "pk": 2, "fields": {"action_time": "2019-03-14T15:30:24.232Z", "user": 1, "content_type": 7, "object_id": "2", "object_repr": "SKLEP", "action_flag": 1, "change_message": "[{\"added\": {}}]"}}, {"model": "admin.logentry", "pk": 3, "fields": {"action_time": "2019-03-14T15:30:51.742Z", "user": 1, "content_type": 7, "object_id": "3", "object_repr": "python", "action_flag": 1, "change_message": "[{\"added\": {}}]"}}, {"model": "admin.logentry", "pk": 4, "fields": {"action_time": "2019-03-14T15:32:46.522Z", "user": 1, "content_type": 8, "object_id": "1", "object_repr": "IKEA: Cousine", "action_flag": 1, "change_message": "[{\"added\": {}}]"}}, {"model": "admin.logentry", "pk": 5, "fields": {"action_time": "2019-03-14T15:33:10.248Z", "user": 1, "content_type": 8, "object_id": "2", "object_repr": "IKEA: Tables", "action_flag": 1, "change_message": "[{\"added\": {}}]"}}, {"model": "admin.logentry", "pk": 6, "fields": {"action_time": "2019-03-14T15:33:35.512Z", "user": 1, "content_type": 8, "object_id": "3", "object_repr": "SKLEP: BOOKS", "action_flag": 1, "change_message": "[{\"added\": {}}]"}}, {"model": "admin.logentry", "pk": 7, "fields": {"action_time": "2019-03-14T15:34:10.233Z", "user": 1, "content_type": 8, "object_id": "4", "object_repr": "SKLEP: FOOD", "action_flag": 1, "change_message": "[{\"added\": {}}]"}}, {"model": "admin.logentry", "pk": 8, "fields": {"action_time": "2019-03-14T15:34:40.160Z", "user": 1, "content_type": 8, "object_id": "5", "object_repr": "python: syntax", "action_flag": 1, "change_message": "[{\"added\": {}}]"}}, {"model": "admin.logentry", "pk": 9, "fields": {"action_time": "2019-03-14T15:35:00.696Z", "user": 1, "content_type": 8, "object_id": "6", "object_repr": "python: libraries", "action_flag": 1, "change_message": "[{\"added\": {}}]"}}, {"model": "admin.logentry", "pk": 10, "fields": {"action_time": "2019-03-14T15:37:08.159Z", "user": 1, "content_type": 9, "object_id": "1", "object_repr": "IKEA: Cousine: asdf", "action_flag": 1, "change_message": "[{\"added\": {}}]"}}, {"model": "admin.logentry", "pk": 11, "fields": {"action_time": "2019-03-14T15:40:57.393Z", "user": 1, "content_type": 9, "object_id": "1", "object_repr": "IKEA: Cousine: asdf", "action_flag": 2, "change_message": "[]"}}, {"model": "admin.logentry", "pk": 12, "fields": {"action_time": "2019-03-14T15:53:32.662Z", "user": 1, "content_type": 9, "object_id": "2", "object_repr": "IKEA: Cousine: ZXcZXcZ", "action_flag": 1, "change_message": "[{\"added\": {}}]"}}, {"model": "admin.logentry", "pk": 13, "fields": {"action_time": "2019-03-17T10:45:30.208Z", "user": 1, "content_type": 9, "object_id": "1", "object_repr": "IKEA: Cousine: asdf", "action_flag": 2, "change_message": "[]"}}, {"model": "admin.logentry", "pk": 14, "fields": {"action_time": "2019-03-17T10:45:42.908Z", "user": 1, "content_type": 9, "object_id": "2", "object_repr": "IKEA: Cousine: ZXcZXcZ", "action_flag": 2, "change_message": "[{\"changed\": {\"fields\": [\"comments\"]}}]"}}, {"model": "admin.logentry", "pk": 15, "fields": {"action_time": "2019-03-17T10:46:17.728Z", "user": 1, "content_type": 9, "object_id": "3", "object_repr": "IKEA: Cousine: javascript", "action_flag": 1, "change_message": "[{\"added\": {}}]"}}, {"model": "admin.logentry", "pk": 16, "fields": {"action_time": "2019-03-17T10:48:46.823Z", "user": 1, "content_type": 9, "object_id": "3", "object_repr": "IKEA: Cousine: javascript", "action_flag": 2, "change_message": "[]"}}, {"model": "admin.logentry", "pk": 17, "fields": {"action_time": "2019-03-17T10:49:19.179Z", "user": 1, "content_type": 9, "object_id": "4", "object_repr": "SKLEP: BOOKS: 123", "action_flag": 1, "change_message": "[{\"added\": {}}]"}}, {"model": "admin.logentry", "pk": 18, "fields": {"action_time": "2019-03-17T10:51:57.094Z", "user": 1, "content_type": 9, "object_id": "5", "object_repr": "SKLEP: BOOKS: 234", "action_flag": 1, "change_message": "[{\"added\": {}}]"}}, {"model": "admin.logentry", "pk": 19, "fields": {"action_time": "2019-03-17T10:53:55.027Z", "user": 1, "content_type": 9, "object_id": "6", "object_repr": "SKLEP: BOOKS: 345", "action_flag": 1, "change_message": "[{\"added\": {}}]"}}, {"model": "admin.logentry", "pk": 20, "fields": {"action_time": "2019-03-17T10:54:44.537Z", "user": 1, "content_type": 9, "object_id": "7", "object_repr": "SKLEP: FOOD: 111", "action_flag": 1, "change_message": "[{\"added\": {}}]"}}, {"model": "admin.logentry", "pk": 21, "fields": {"action_time": "2019-03-17T10:55:07.930Z", "user": 1, "content_type": 9, "object_id": "8", "object_repr": "python: syntax: aaa", "action_flag": 1, "change_message": "[{\"added\": {}}]"}}, {"model": "admin.logentry", "pk": 22, "fields": {"action_time": "2019-03-17T10:55:20.241Z", "user": 1, "content_type": 9, "object_id": "9", "object_repr": "python: syntax: 123", "action_flag": 1, "change_message": "[{\"added\": {}}]"}}, {"model": "admin.logentry", "pk": 23, "fields": {"action_time": "2019-03-17T10:55:40.117Z", "user": 1, "content_type": 9, "object_id": "10", "object_repr": "python: syntax: ffdsg", "action_flag": 1, "change_message": "[{\"added\": {}}]"}}, {"model": "admin.logentry", "pk": 24, "fields": {"action_time": "2019-03-17T10:56:04.469Z", "user": 1, "content_type": 9, "object_id": "11", "object_repr": "python: libraries: Django", "action_flag": 1, "change_message": "[{\"added\": {}}]"}}, {"model": "admin.logentry", "pk": 25, "fields": {"action_time": "2019-03-17T10:56:37.011Z", "user": 1, "content_type": 9, "object_id": "12", "object_repr": "python: libraries: os", "action_flag": 1, "change_message": "[{\"added\": {}}]"}}, {"model": "admin.logentry", "pk": 26, "fields": {"action_time": "2019-03-17T12:00:06.940Z", "user": 1, "content_type": 7, "object_id": "3", "object_repr": "python", "action_flag": 2, "change_message": "[{\"changed\": {\"fields\": [\"address\"]}}]"}}, {"model": "admin.logentry", "pk": 27, "fields": {"action_time": "2019-03-17T12:00:11.806Z", "user": 1, "content_type": 7, "object_id": "2", "object_repr": "SKLEP", "action_flag": 2, "change_message": "[{\"changed\": {\"fields\": [\"address\"]}}]"}}, {"model": "admin.logentry", "pk": 28, "fields": {"action_time": "2019-03-17T13:23:37.147Z", "user": 1, "content_type": 8, "object_id": "6", "object_repr": "python: libraries", "action_flag": 2, "change_message": "[]"}}, {"model": "admin.logentry", "pk": 29, "fields": {"action_time": "2019-03-17T13:23:41.787Z", "user": 1, "content_type": 8, "object_id": "2", "object_repr": "IKEA: Tables", "action_flag": 2, "change_message": "[]"}}, {"model": "admin.logentry", "pk": 30, "fields": {"action_time": "2019-03-17T15:06:50.934Z", "user": 1, "content_type": 9, "object_id": "13", "object_repr": "\u0421\u043e\u0441\u0435\u0434\u0438: \u043a\u043e\u043d\u0444\u0435\u0442\u044b: \u043a\u0438\u0442\u043a\u0430\u0442", "action_flag": 1, "change_message": "[{\"added\": {}}]"}}, {"model": "admin.logentry", "pk": 31, "fields": {"action_time": "2019-03-17T15:22:42.246Z", "user": 1, "content_type": 9, "object_id": "13", "object_repr": "\u0421\u043e\u0441\u0435\u0434\u0438: \u043a\u043e\u043d\u0444\u0435\u0442\u044b: \u043a\u0438\u0442\u043a\u0430\u0442", "action_flag": 3, "change_message": ""}}, {"model": "admin.logentry", "pk": 32, "fields": {"action_time": "2019-03-24T15:09:51.080Z", "user": 1, "content_type": 7, "object_id": "4", "object_repr": "asdf", "action_flag": 1, "change_message": "[{\"added\": {}}]"}}, {"model": "admin.logentry", "pk": 33, "fields": {"action_time": "2019-03-24T15:10:32.420Z", "user": 1, "content_type": 9, "object_id": "6", "object_repr": "Biedronka: owocy: mandarynka", "action_flag": 3, "change_message": ""}}, {"model": "admin.logentry", "pk": 34, "fields": {"action_time": "2019-03-24T15:10:32.423Z", "user": 1, "content_type": 9, "object_id": "5", "object_repr": "Biedronka: owocy: pomarancz", "action_flag": 3, "change_message": ""}}, {"model": "admin.logentry", "pk": 35, "fields": {"action_time": "2019-03-24T15:10:32.425Z", "user": 1, "content_type": 9, "object_id": "4", "object_repr": "Biedronka: owocy: jablko", "action_flag": 3, "change_message": ""}}, {"model": "admin.logentry", "pk": 36, "fields": {"action_time": "2019-03-24T16:44:47.401Z", "user": 1, "content_type": 4, "object_id": "2", "object_repr": "user1", "action_flag": 1, "change_message": "[{\"added\": {}}]"}}, {"model": "admin.logentry", "pk": 37, "fields": {"action_time": "2019-03-24T16:45:18.094Z", "user": 1, "content_type": 4, "object_id": "2", "object_repr": "user1", "action_flag": 2, "change_message": "[{\"changed\": {\"fields\": [\"is_staff\"]}}]"}}, {"model": "admin.logentry", "pk": 38, "fields": {"action_time": "2019-03-24T16:45:38.138Z", "user": 1, "content_type": 4, "object_id": "3", "object_repr": "user2", "action_flag": 1, "change_message": "[{\"added\": {}}]"}}, {"model": "admin.logentry", "pk": 39, "fields": {"action_time": "2019-03-24T16:46:02.634Z", "user": 1, "content_type": 4, "object_id": "3", "object_repr": "user2", "action_flag": 2, "change_message": "[{\"changed\": {\"fields\": [\"first_name\", \"last_name\"]}}]"}}, {"model": "admin.logentry", "pk": 40, "fields": {"action_time": "2019-03-24T16:46:20.620Z", "user": 1, "content_type": 4, "object_id": "4", "object_repr": "user3", "action_flag": 1, "change_message": "[{\"added\": {}}]"}}, {"model": "admin.logentry", "pk": 41, "fields": {"action_time": "2019-03-24T16:46:43.957Z", "user": 1, "content_type": 4, "object_id": "4", "object_repr": "user3", "action_flag": 2, "change_message": "[]"}}]